[{"id":"c346d19f-54ab-4c2a-8f26-7e5b4b2a615b","path":"//requirements.txt"},{"id":"c1905845-2070-49e7-9f11-1e3eed0bd09d","path":"//ratings.csv"},{"id":"c1376675-3636-4fbc-8cc8-6f87b44a1a9a","path":"//credits.csv"},{"id":"a4553acc-aafb-4bf5-bc99-3365aff98661","path":"//movies.csv"},{"id":"65fa5213-a5ed-45c6-b291-6126f47a1dd0","path":"//movies_small.csv"},{"id":"6c6fa509-92ef-4eea-b83d-668c7151757e","path":"/requirements.txt"},{"id":"86b1607f-ec4d-4451-b6dd-12d0db435387","path":"/movies_small.csv"},{"id":"35a5322b-6a7f-49a2-b039-de6e72284ef4","path":"/credits.csv"},{"id":"1319ae43-e137-45c6-acc9-d12ef013aa40","path":"/ratings.csv"},{"id":"4490908b-2c9f-4c3b-abfa-446bb0454c62","path":"/movies.csv"}]